NOC,NumAthletes
United States of America,614
Japan,585
Australia,470
Germany,399
People's Republic of China,398
France,377
Canada,368
Great Britain,366
Italy,354
Spain,324
ROC,318
Brazil,291
Netherlands,272
Republic of Korea,222
New Zealand,202
Poland,195
Argentina,180
South Africa,171
Mexico,155
Hungary,154
Ukraine,152
Egypt,133
Sweden,129
Belgium,124
India,117
Czech Republic,117
Ireland,116
Switzerland,115
Belarus,104
Denmark,103
Turkey,102
Romania,99
Norway,92
Kazakhstan,92
Portugal,85
Israel,85
Serbia,83
Kenya,78
Greece,75
Austria,72
Cuba,69
Chinese Taipei,67
Islamic Republic of Iran,66
Colombia,64
Uzbekistan,63
Dominican Republic,61
Jamaica,60
Nigeria,59
Croatia,57
Tunisia,57
Chile,56
Slovenia,51
Morocco,48
Ecuador,46
Finland,45
Venezuela,43
Mongolia,43
Ethiopia,42
Bulgaria,41
Algeria,41
Azerbaijan,41
"Hong Kong, China",40
Thailand,39
Slovakia,38
Lithuania,37
Puerto Rico,35
Montenegro,35
Georgia,35
Estonia,33
Peru,33
Saudi Arabia,32
Trinidad and Tobago,31
Bahrain,30
Malaysia,29
Latvia,29
Zambia,29
CÃ´te d'Ivoire,29
Fiji,28
Indonesia,26
Refugee Olympic Team,26
Honduras,25
Uganda,24
Singapore,23
Guatemala,22
Angola,20
Republic of Moldova,19
Philippines,18
Vietnam,17
Armenia,16
Bahamas,16
Kyrgyzstan,16
Qatar,14
Ghana,14
Cyprus,14
Botswana,13
Costa Rica,13
Eritrea,13
Luxembourg,11
Namibia,11
Jordan,11
Uruguay,11
Cameroon,11
Kosovo,10
Kuwait,10
Pakistan,10
Panama,9
Senegal,9
Sri Lanka,9
Tajikistan,8
Paraguay,8
Albania,8
Mozambique,8
Turkmenistan,8
Samoa,8
North Macedonia,8
Nicaragua,8
Barbados,7
Democratic Republic of the Congo,7
Bosnia and Herzegovina,7
Benin,7
Mauritius,7
Niger,7
Burkina Faso,7
Papua New Guinea,7
Guyana,7
Bangladesh,6
Haiti,6
Antigua and Barbuda,6
Grenada,6
Syrian Arab Republic,6
Cape Verde,6
Monaco,6
Cook Islands,6
Malta,6
Burundi,6
Madagascar,6
Lebanon,6
Sudan,5
Tonga,5
Seychelles,5
Saint Lucia,5
Rwanda,5
Afghanistan,5
Zimbabwe,5
Cayman Islands,5
Guinea,5
Guam,5
Gabon,5
El Salvador,5
Liechtenstein,5
Malawi,5
Bolivia,5
American Samoa,5
Nepal,5
Oman,5
Togo,4
Iceland,4
United Arab Emirates,4
Djibouti,4
"Virgin Islands, US",4
Eswatini,4
Sierra Leone,4
Guinea-Bissau,4
Palestine,4
Iraq,4
Libya,4
San Marino,4
Lao People's Democratic Republic,4
Mali,4
Maldives,4
Yemen,3
"Virgin Islands, British",3
Aruba,3
Belize,3
Bhutan,3
Cambodia,3
Chad,3
Kiribati,3
Congo,3
Democratic Republic of Timor-Leste,3
Comoros,3
Federated States of Micronesia,3
Suriname,3
Equatorial Guinea,3
Sao Tome and Principe,3
Palau,3
Gambia,3
Solomon Islands,3
Liberia,3
Bermuda,2
Nauru,2
Myanmar,2
Andorra,2
Vanuatu,2
Somalia,2
Dominica,2
Lesotho,2
United Republic of Tanzania,2
Marshall Islands,2
Brunei Darussalam,2
Tuvalu,2
South Sudan,2
Central African Republic,2
Saint Kitts and Nevis,2
St Vincent and the Grenadines,2
Mauritania,2
